Decor,Fashion,Books,Nailart,Games,Bags
CarpetBag,wedding,books,nailswag,labynight,CELINE
Luggage,MONSTA_X,powerofprayers,nailblog,worldofdarkness,HandBags
HandLuggage,Hyungwon,WorldBookDay,naildesigns,Vampirethemasquerade,travel
travel,Itzy,TeaserTuesday,polish,vtm,avnimall
innovator,JacksonWang,sale,acrylicnails,jasper,HandMade
イノベーター,SEVENTEEN,WRPbks,lilacs,PS4share,CarpetBag
trip,세븐틴,Bookstagram,marble,装甲娘,Luggage
journey,도겸,Books,nailart,そうむす,HandLuggage
Mercari,MCDoulDay,BookWorm,AzriaHealthMontclair,LeafsForever,travel
Bebe,SocialDistancing,AmReading,nails,DoGoodFromHome,innovator
